gene,n_alt,endpoint,abs_z,p_asymptotic,p_perm_marginal,p_bonferroni,q_bh,perm_fwer_p_maxT,perm_fwer_p_maxT_mcse,perm_fwer_p_minP,perm_fwer_p_minP_mcse,sens_markerperm_maxT,sens_markerperm_minP,abs_z_ipw,sens_ipw_maxT,sens_ipw_minP,B_primary,B_sensitivity
APC,13,OS,0.6312,0.5279360582563346,0.6765447031549239,1.0,0.9092454934344912,1.0,1e-08,1.0,1e-08,1.0,1.0,1.1539,0.999000499750125,1.0,10000,2000
ARID1A,26,OS,1.4967,0.13446374122130042,0.1575,1.0,0.44821247073766807,0.9764023597640236,0.0015179193526426186,0.9613038696130387,0.0019286974848336527,0.9575212393803099,0.9460269865067467,1.8645,0.8465767116441779,0.7876061969015492,10000,2000
ARID2,18,OS,2.589,0.009624423353183727,0.023802319717599597,0.19248846706367453,0.19248846706367453,0.3023697630236976,0.004592845408161378,0.3678632136786321,0.004822238792310696,0.30634682658670664,0.28285857071464265,2.8059,0.20689655172413793,0.2798600699650175,10000,2000
ATM,13,OS,1.979,0.04781494456577706,0.05252122864031869,0.9562988913155412,0.2390747228288853,0.7525247475252475,0.004315451910140004,0.6365363463653635,0.004809967007383704,0.7226386806596702,0.7106446776611695,2.3395,0.49775112443778113,0.34132933533233384,10000,2000
CDKN2A,28,OS,0.3792,0.7045254628841395,0.7239,1.0,0.9092454934344912,1.0,1e-08,1.0,1e-08,1.0,1.0,0.6299,1.0,1.0,10000,2000
CDKN2B,14,OS,0.8147,0.41524457097608414,0.5071219315082331,1.0,0.9092454934344912,1.0,1e-08,1.0,1e-08,1.0,1.0,0.9639,1.0,1.0,10000,2000
CTNNB1,11,OS,0.0941,0.92505245886655,0.9265149989933561,1.0,0.971689785975203,1.0,1e-08,1.0,1e-08,1.0,1.0,0.5784,1.0,1.0,10000,2000
ERBB2,16,OS,0.297,0.7664808245939057,0.7631659678903774,1.0,0.9092454934344912,1.0,1e-08,1.0,1e-08,1.0,1.0,0.1915,1.0,1.0,10000,2000
ERBB2_AMP,10,OS,0.2297,0.8183209440910422,0.7909741216074059,1.0,0.9092454934344912,1.0,1e-08,1.0,1e-08,1.0,1.0,0.309,1.0,1.0,10000,2000
FGFR2,12,OS,0.4381,0.6613141425006444,0.6600020506510818,1.0,0.9092454934344912,1.0,1e-08,1.0,1e-08,1.0,1.0,0.6385,1.0,1.0,10000,2000
IDH1,12,OS,2.0335,0.041999042259636285,0.07143600958033948,0.8399808451927258,0.2390747228288853,0.714028597140286,0.004518758232149195,0.75002499750025,0.004329982686166308,0.6851574212893553,0.7496251874062968,2.321,0.5092453773113443,0.5617191404297851,10000,2000
KMT2C,12,OS,2.1782,0.029387639473331867,0.08709317651830072,0.5877527894666373,0.2390747228288853,0.6003399660033997,0.004898284303941908,0.817918208179182,0.0038591192377035754,0.5867066466766616,0.6611694152923538,2.1038,0.6811594202898551,0.8630684657671165,10000,2000
KRAS.1,47,OS,0.3615,0.7177404761346788,0.7262273772622738,1.0,0.9092454934344912,1.0,1e-08,1.0,1e-08,1.0,1.0,0.086,1.0,1.0,10000,2000
LRP1B,27,OS,0.9057,0.36511023953217825,0.42422726818045414,1.0,0.9092454934344912,1.0,1e-08,1.0,1e-08,1.0,1.0,0.1837,1.0,1.0,10000,2000
MDM2,10,OS,0.0355,0.971689785975203,0.9630753667172484,1.0,0.971689785975203,1.0,1e-08,1.0,1e-08,1.0,1.0,0.4791,1.0,1.0,10000,2000
RBM10,12,OS,1.0974,0.2724538578776381,0.3425469896472007,1.0,0.7784395939361088,0.9996000399960004,0.00019995000274937636,0.9996000399960004,0.00019995000274937636,0.9980009995002499,0.9975012493753124,1.314,0.9955022488755623,0.9950024987506247,10000,2000
SMAD4,30,OS,0.2531,0.8002084548445779,0.8254825482548255,1.0,0.9092454934344912,1.0,1e-08,1.0,1e-08,1.0,1.0,0.034,1.0,1.0,10000,2000
STK11,14,OS,1.5816,0.11373832421951494,0.29441267930584814,1.0,0.44821247073766807,0.9574042595740426,0.00201943911330651,0.9984001599840016,0.0003996599214234089,0.9280359820089955,0.9250374812593704,1.8916,0.8295852073963018,0.9760119940029985,10000,2000
TNFRSF14,30,OS,0.23,0.8180534682188091,0.8193458037411223,1.0,0.9092454934344912,1.0,1e-08,1.0,1e-08,1.0,1.0,0.7039,1.0,1.0,10000,2000
TP53,101,OS,0.3752,0.7075349798622618,0.7087291270872913,1.0,0.9092454934344912,1.0,1e-08,1.0,1e-08,1.0,1.0,0.7722,1.0,1.0,10000,2000
APC,13,PFS,0.2992,0.7648188305434911,0.8593922374887173,1.0,0.9896286303607449,1.0,1e-08,1.0,1e-08,1.0,1.0,0.4412,1.0,1.0,10000,2000
ARID1A,26,PFS,1.6137,0.10659845104239143,0.264,1.0,0.666281713765172,0.9496050394960504,0.002187585620261639,0.9966003399660034,0.0005820740799631827,0.927536231884058,0.9090454772613693,1.3536,0.9920039980009995,0.999000499750125,10000,2000
ARID2,18,PFS,0.8761,0.3809906581436825,0.45215478452154784,1.0,0.7023667414706535,1.0,1e-08,1.0,1e-08,1.0,1.0,1.373,0.9900049975012494,0.9870064967516242,10000,2000
ATM,13,PFS,1.0691,0.2850378125851869,0.26758302397913114,1.0,0.7023667414706535,0.9994000599940006,0.0002448632430538708,0.9969003099690031,0.0005558850558081769,0.9995002498750625,0.9995002498750625,1.3738,0.9900049975012494,0.9390304847576212,10000,2000
CDKN2A,28,PFS,0.3902,0.6964050974611885,0.7539246075392461,1.0,0.9896286303607449,1.0,1e-08,1.0,1e-08,1.0,1.0,0.3787,1.0,1.0,10000,2000
CDKN2B,14,PFS,0.1252,0.9003752727930094,0.9232546459065796,1.0,0.9896286303607449,1.0,1e-08,1.0,1e-08,1.0,1.0,0.1371,1.0,1.0,10000,2000
CTNNB1,11,PFS,0.4247,0.6710278729850268,0.5462453754624538,1.0,0.9896286303607449,1.0,1e-08,1.0,1e-08,1.0,1.0,0.9221,0.9995002498750625,0.9525237381309345,10000,2000
ERBB2,16,PFS,0.9272,0.3538470571665059,0.1381861813818618,1.0,0.7023667414706535,1.0,1e-08,0.9359064093590641,0.002449195832915123,1.0,1.0,1.0857,0.999000499750125,0.8605697151424287,10000,2000
ERBB2_AMP,10,PFS,0.075,0.9401836977690791,0.8528147185281472,1.0,0.9896286303607449,1.0,1e-08,1.0,1e-08,1.0,1.0,0.0155,1.0,1.0,10000,2000
FGFR2,12,PFS,1.696,0.08989123972094297,0.13534439416792357,1.0,0.666281713765172,0.9253074692530747,0.0026289457316107704,0.9326067393260674,0.0025070183304010357,0.8980509745127436,0.9020489755122438,1.3156,0.993503248375812,0.993503248375812,10000,2000
IDH1,12,PFS,0.8663,0.3863017078088594,0.3710430194805195,1.0,0.7023667414706535,1.0,1e-08,0.9999000099990001,9.999000099990831e-05,1.0,1.0,1.1018,0.999000499750125,0.9950024987506247,10000,2000
KMT2C,12,PFS,2.1496,0.03158515039222792,0.051101498843174734,0.6317030078445585,0.6317030078445585,0.6763323667633236,0.004678748726226326,0.6344365563443656,0.00481587803332132,0.585207396301849,0.6686656671664168,2.1735,0.6666666666666666,0.6596701649175413,10000,2000
KRAS.1,47,PFS,0.0256,0.9795367612297331,0.9771022897710229,1.0,0.9896286303607449,1.0,1e-08,1.0,1e-08,1.0,1.0,0.0541,1.0,1.0,10000,2000
LRP1B,27,PFS,1.0173,0.3089883212997716,0.35766423357664234,1.0,0.7023667414706535,0.9998000199980002,0.00014140014497822603,0.9997000299970003,0.00017317044233848054,0.9995002498750625,0.9995002498750625,0.3084,1.0,1.0,10000,2000
MDM2,10,PFS,1.5014,0.1332563427530344,0.29117088291170884,1.0,0.666281713765172,0.9746025397460254,0.0015732904775222656,0.9981001899810019,0.0004354538713675419,0.9675162418790605,0.9785107446276862,1.2537,0.9965017491254373,1.0,10000,2000
RBM10,12,PFS,0.9463,0.3439885577110968,0.4781521847815218,1.0,0.7023667414706535,0.9999000099990001,9.999000099990831e-05,1.0,1e-08,1.0,1.0,1.2572,0.9960019990004998,0.9985007496251874,10000,2000
SMAD4,30,PFS,0.1138,0.9094264927221715,0.9394,1.0,0.9896286303607449,1.0,1e-08,1.0,1e-08,1.0,1.0,0.4187,1.0,1.0,10000,2000
STK11,14,PFS,0.013,0.9896286303607449,0.9891010898910109,1.0,0.9896286303607449,1.0,1e-08,1.0,1e-08,1.0,1.0,0.2911,1.0,1.0,10000,2000
TNFRSF14,30,PFS,1.1603,0.24593383062036833,0.2425757424257574,1.0,0.7023667414706535,0.9986001399860014,0.0003738850633469888,0.9945005499450055,0.0007395408105092745,0.999000499750125,0.9975012493753124,1.2865,0.9950024987506247,0.9760119940029985,10000,2000
TP53,101,PFS,0.5302,0.5959686576319246,0.6191380861913809,1.0,0.9896286303607449,1.0,1e-08,1.0,1e-08,1.0,1.0,1.106,0.999000499750125,0.9985007496251874,10000,2000
